"No.","Zone Name","Zone Channel Member","A Channel","B Channel"
"1","DMR Simplex","DMR Simplex 1|DMR Simplex 2","DMR Simplex 1","DMR Simplex 2"
"3","1RBM Isaacs","1RBM AU|1RBM ACT|1RBM NSW|1RBM Vic|1RBM Qld|1RBM SA|1RBM WA|1RBM Tas|1RBM NT|1RBM Local|1RBM State Link|1RBM AU Nets|1RBM AU Repeat 1|1RBM AU Repeat 2|1RBM User Act 1|1RBM User Act 2|1RBM World Eng|1RBM Issacs","1RBM AU","1RBM Issacs"
"5","2RAO Cbolas","2RAO AU|2RAO ACT|2RAO NSW|2RAO Vic|2RAO Qld|2RAO SA|2RAO WA|2RAO Tas|2RAO NT|2RAO Local|2RAO State Link|2RAO AU Nets|2RAO AU Repeat 1|2RAO AU Repeat 2|2RAO User Act 1|2RAO User Act 2|2RAO World Eng|2RAO Cbolas V|2RAO Cbolas U","2RAO AU","2RAO Cbolas U"
"6","2RCG SydneyCty","2RCG AU|2RCG ACT|2RCG NSW|2RCG Vic|2RCG Qld|2RCG SA|2RCG WA|2RCG Tas|2RCG NT|2RCG Local|2RCG State Link|2RCG AU Nets|2RCG AU Repeat 1|2RCG AU Repeat 2|2RCG User Act 1|2RCG User Act 2|2RCG World Eng|2RCG SydneyCty","2RCG AU","2RCG SydneyCty"
"7","2RCV Graft","2RCV AU|2RCV ACT|2RCV NSW|2RCV Vic|2RCV Qld|2RCV SA|2RCV WA|2RCV Tas|2RCV NT|2RCV Local|2RCV State Link|2RCV AU Nets|2RCV AU Repeat 1|2RCV AU Repeat 2|2RCV User Act 1|2RCV User Act 2|2RCV World Eng|2RCV Graft V|2RCV Graft U","2RCV AU","2RCV Graft U"
"8","2RFI Hntr","2RFI AU|2RFI ACT|2RFI NSW|2RFI Vic|2RFI Qld|2RFI SA|2RFI WA|2RFI Tas|2RFI NT|2RFI Local|2RFI State Link|2RFI AU Nets|2RFI AU Repeat 1|2RFI AU Repeat 2|2RFI User Act 1|2RFI User Act 2|2RFI World Eng|2RFI HntrWICEN V|2RFI HntrWICEN U","2RFI AU","2RFI HntrWICEN U"
"9","2RGN MtGray","2RGN AU|2RGN ACT|2RGN NSW|2RGN Vic|2RGN Qld|2RGN SA|2RGN WA|2RGN Tas|2RGN NT|2RGN Local|2RGN State Link|2RGN AU Nets|2RGN AU Repeat 1|2RGN AU Repeat 2|2RGN User Act 1|2RGN User Act 2|2RGN World Eng|2RGN MtGray V|2RGN MtGray 1 U|2RGN MtGray 2 U|2RGN MtGray 3 U","2RGN AU","2RGN MtGray V"
"10","2RGP Toronto","2RGP AU|2RGP BM ACT|2RGP BM NSW|2RGP BM Vic|2RGP BM Qld|2RGP BM SA|2RGP BM WA|2RGP BM Tas|2RGP BM NT|2RGP Local|2RGP BM Pac Rim|2RGP BM World|2RGP BM Wrld Eng|2RGP BM Eur Eng","2RGP AU","2RGP BM NSW"
"11","2RHK Wyee","2RHK AU|2RHK ACT|2RHK NSW|2RHK Vic|2RHK Qld|2RHK SA|2RHK WA|2RHK Tas|2RHK NT|2RHK Local|2RHK State Link|2RHK AU Nets|2RHK AU Repeat 1|2RHK AU Repeat 2|2RHK User Act 1|2RHK User Act 2|2RHK World Eng|2RHK Wyee","2RHK AU","2RHK Wyee"
"12","2RHR HRange","2RHR AU|2RHR ACT|2RHR NSW|2RHR Vic|2RHR Qld|2RHR SA|2RHR WA|2RHR Tas|2RHR NT|2RHR Local|2RHR State Link|2RHR AU Nets|2RHR AU Repeat 1|2RHR AU Repeat 2|2RHR User Act 1|2RHR User Act 2|2RHR World Eng|2RHR HRange V|2RHR HRange U","2RHR AU","2RHR HRange U"
"13","2RHT Chats","2RHT AU|2RHT ACT|2RHT NSW|2RHT Vic|2RHT Qld|2RHT SA|2RHT WA|2RHT Tas|2RHT NT|2RHT Local|2RHT State Link|2RHT AU Nets|2RHT AU Repeat 1|2RHT AU Repeat 2|2RHT User Act 1|2RHT User Act 2|2RHT World Eng|2RHT Chats","2RHT AU","2RHT Chats"
"14","2RLE HCote","2RLE AU|2RLE ACT|2RLE NSW|2RLE Vic|2RLE Qld|2RLE SA|2RLE WA|2RLE Tas|2RLE NT|2RLE Local|2RLE State Link|2RLE AU Nets|2RLE AU Repeat 1|2RLE AU Repeat 2|2RLE User Act 1|2RLE User Act 2|2RLE World Eng|2RLE HCote V|2RLE HCote U","2RLE AU","2RLE HCote U"
"15","2RMP Maddns","2RMP AU|2RMP BM ACT|2RMP BM NSW|2RMP BM Vic|2RMP BM Qld|2RMP BM SA|2RMP BM WA|2RMP BM Tas|2RMP BM NT|2RMP Local|2RMP BM Pac Rim|2RMP Maddns U|2RMP Maddns V|2RMP BM Eur Eng","2RMP AU","2RMP Maddns U"
"16","2RPH Balranald","2RPH AU|2RPH ACT|2RPH NSW|2RPH Vic|2RPH Qld|2RPH SA|2RPH WA|2RPH Tas|2RPH NT|2RPH Local|2RPH State Link|2RPH AU Nets|2RPH AU Repeat 1|2RPH AU Repeat 2|2RPH User Act 1|2RPH User Act 2|2RPH World Eng","2RPH AU","DMR Simplex 1"
"17","2RWI Dural","2RWI AU|2RWI ACT|2RWI NSW|2RWI Vic|2RWI Qld|2RWI SA|2RWI WA|2RWI Tas|2RWI NT|2RWI Local|2RWI State Link|2RWI AU Nets|2RWI AU Repeat 1|2RWI AU Repeat 2|2RWI User Act 1|2RWI User Act 2|2RWI World Eng|2RWI Dural V|2RWI Dural U","2RWI AU","2RWI Dural U"
"19","3RDR Cranbourne","3RDR AU|3RDR ACT|3RDR NSW|3RDR Vic|3RDR Qld|3RDR SA|3RDR WA|3RDR Tas|3RDR NT|3RDR Local|3RDR State Link|3RDR AU Nets|3RDR AU Repeat 1|3RDR AU Repeat 2|3RDR User Act 1|3RDR User Act 2|3RDR World Eng","3RDR AU","3RDR Vic"
"20","3RDS Shepparton","3RDS AU|3RDS ACT|3RDS NSW|3RDS Vic|3RDS Qld|3RDS SA|3RDS WA|3RDS Tas|3RDS NT|3RDS Local|3RDS State Link|3RDS AU Nets|3RDS AU Repeat 1|3RDS AU Repeat 2|3RDS User Act 1|3RDS User Act 2|3RDS World Eng","3RDS AU","3RDS Vic"
"21","3RGL Geelong","3RGL AU|3RGL ACT|3RGL NSW|3RGL Vic|3RGL Qld|3RGL SA|3RGL WA|3RGL Tas|3RGL NT|3RGL Local|3RGL State Link|3RGL AU Nets|3RGL AU Repeat 1|3RGL AU Repeat 2|3RGL User Act 1|3RGL User Act 2|3RGL World Eng","3RGL AU","3RGL Vic"
"22","3RGV Wombat","3RGV AU|3RGV ACT|3RGV NSW|3RGV Vic|3RGV Qld|3RGV SA|3RGV WA|3RGV Tas|3RGV NT|3RGV Local|3RGV State Link|3RGV AU Nets|3RGV AU Repeat 1|3RGV AU Repeat 2|3RGV User Act 1|3RGV User Act 2|3RGV World Eng|3RGV Wombat","3RGV AU","3RGV Wombat"
"23","3RHD Horsham","3RHD AU|3RHD ACT|3RHD BM ACT|3RHD NSW|3RHD BM NSW|3RHD Vic|3RHD BM Vic|3RHD Qld|3RHD BM Qld|3RHD SA|3RHD BM SA|3RHD WA|3RHD BM WA|3RHD Tas|3RHD BM Tas|3RHD NT|3RHD BM NT|3RHD Local|3RHD State Link|3RHD AU Nets|3RHD AU Repeat 1|3RHD AU Repeat 2|3RHD User Act 1|3RHD User Act 2|3RHD BM Pac Rim|3RHD World Eng|3RHD BM World|3RHD BM Wrld Eng|3RHD BM Eur Eng","3RHD AU","3RHD Vic"
"24","3RMC NarWar","3RMC AU|3RMC ACT|3RMC NSW|3RMC Vic|3RMC Qld|3RMC SA|3RMC WA|3RMC Tas|3RMC NT|3RMC Local|3RMC State Link|3RMC AU Nets|3RMC AU Repeat 1|3RMC AU Repeat 2|3RMC User Act 1|3RMC User Act 2|3RMC World Eng|3RMC NarWar V|3RMC NarWar U|3RMC NarWar U2","3RMC AU","3RMC NarWar V"
"25","3RPC Mt Cottrell","3RPS AU|3RPS ACT|3RPS NSW|3RPS Vic|3RPS Qld|3RPS SA|3RPS WA|3RPS Tas|3RPS NT|3RPS Local|3RPS State Link|3RPS AU Nets|3RPS AU Repeat 1|3RPS AU Repeat 2|3RPS User Act 1|3RPS User Act 2|3RPS World Eng","3RPS AU","3RPS Vic"
"26","3RSV NoblPark","3RSV AU|3RSV BM ACT|3RSV BM NSW|3RSV BM Vic|3RSV BM Qld|3RSV BM SA|3RSV BM WA|3RSV BM Tas|3RSV BM NT|3RSV Local|3RSV BM Pac Rim|3RSV NoblPark|3RSV BM Wrld Eng|3RSV BM Eur Eng","3RSV AU","3RSV NoblPark"
"27","3RTA Beulah","3RTA AU|3RTA ACT|3RTA NSW|3RTA Vic|3RTA Qld|3RTA SA|3RTA WA|3RTA Tas|3RTA NT|3RTA Local|3RTA State Link|3RTA AU Nets|3RTA AU Repeat 1|3RTA AU Repeat 2|3RTA User Act 1|3RTA User Act 2|3RTA World Eng|3RTA Beulah","3RTA AU","3RTA Beulah"
"28","3RTE Karingal","3RTE AU|3RTE ACT|3RTE NSW|3RTE Vic|3RTE Qld|3RTE SA|3RTE WA|3RTE Tas|3RTE NT|3RTE Local|3RTE State Link|3RTE AU Nets|3RTE AU Repeat 1|3RTE AU Repeat 2|3RTE User Act 1|3RTE User Act 2|3RTE World Eng","3RTE AU","3RTE Vic"
"29","3RWO BaldH","3RWO AU|3RWO BM ACT|3RWO BM NSW|3RWO BM Vic|3RWO BM Qld|3RWO BM SA|3RWO BM WA|3RWO BM Tas|3RWO BM NT|3RWO Local|3RWO BM Pac Rim|3RWO BaldH V|3RWO BaldH U|3RWO BM Eur Eng","3RWO AU","3RWO BaldH U"
"30","3RWV Warrnambool","3RWV AU|3RWV ACT|3RWV NSW|3RWV Vic|3RWV Qld|3RWV SA|3RWV WA|3RWV Tas|3RWV NT|3RWV Local|3RWV State Link|3RWV AU Nets|3RWV AU Repeat 1|3RWV AU Repeat 2|3RWV User Act 1|3RWV User Act 2|3RWV World Eng","3RWV AU","3RWV Vic"
"31","3RWW Mildura","3RWW AU|3RWW ACT|3RWW NSW|3RWW Vic|3RWW Qld|3RWW SA|3RWW WA|3RWW Tas|3RWW NT|3RWW Local|3RWW State Link|3RWW AU Nets|3RWW AU Repeat 1|3RWW AU Repeat 2|3RWW User Act 1|3RWW User Act 2|3RWW World Eng","3RWW AU","3RWW Vic"
"33","4RBK Tolga","4RBK AU|4RBK ACT|4RBK NSW|4RBK Vic|4RBK Qld|4RBK SA|4RBK WA|4RBK Tas|4RBK NT|4RBK Local|4RBK State Link|4RBK AU Nets|4RBK AU Repeat 1|4RBK AU Repeat 2|4RBK User Act 1|4RBK User Act 2|4RBK World Eng|4RBK Tolga","4RBK AU","4RBK Tolga"
"34","4RBT Wongawlln","4RBT AU|4RBT ACT|4RBT NSW|4RBT Vic|4RBT Qld|4RBT SA|4RBT WA|4RBT Tas|4RBT NT|4RBT Local|4RBT State Link|4RBT AU Nets|4RBT AU Repeat 1|4RBT AU Repeat 2|4RBT User Act 1|4RBT User Act 2|4RBT World Eng|4RBT Wongawlln V|4RBT Wongawlln U","4RBT AU","4RBT Wongawlln U"
"35","4RDB MtCotton","4RDB AU|4RDB ACT|4RDB NSW|4RDB Vic|4RDB Qld|4RDB SA|4RDB WA|4RDB Tas|4RDB NT|4RDB Local|4RDB State Link|4RDB AU Nets|4RDB AU Repeat 1|4RDB AU Repeat 2|4RDB User Act 1|4RDB User Act 2|4RDB World Eng","4RDB AU","4RDB Qld"
"36","4REG MtMowbln","4REG AU|4REG ACT|4REG NSW|4REG Vic|4REG Qld|4REG SA|4REG WA|4REG Tas|4REG NT|4REG Local|4REG State Link|4REG AU Nets|4REG AU Repeat 1|4REG AU Repeat 2|4REG User Act 1|4REG User Act 2|4REG World Eng|4REG MtMowbln V|4REG MtMowblln|4REG MtMowbln U","4REG AU","4REG MtMowbln V"
"37","4RLU MtDunsnane","4RLU AU|4RLU ACT|4RLU NSW|4RLU Vic|4RLU Qld|4RLU SA|4RLU WA|4RLU Tas|4RLU NT|4RLU Local|4RLU State Link|4RLU AU Nets|4RLU AU Repeat 1|4RLU AU Repeat 2|4RLU User Act 1|4RLU User Act 2|4RLU World Eng|4RLU MtDunsnane","4RLU AU","4RLU MtDunsnane"
"38","4RMA MtAlma","4RMA AU|4RMA ACT|4RMA NSW|4RMA Vic|4RMA Qld|4RMA SA|4RMA WA|4RMA Tas|4RMA NT|4RMA Local|4RMA State Link|4RMA AU Nets|4RMA AU Repeat 1|4RMA AU Repeat 2|4RMA User Act 1|4RMA User Act 2|4RMA World Eng|4RMA MtAlma","4RMA AU","4RMA MtAlma"
"39","4RMC MtCootha","4RMC AU|4RMC ACT|4RMC NSW|4RMC Vic|4RMC Qld|4RMC SA|4RMC WA|4RMC Tas|4RMC NT|4RMC Local|4RMC State Link|4RMC AU Nets|4RMC AU Repeat 1|4RMC AU Repeat 2|4RMC User Act 1|4RMC User Act 2|4RMC World Eng|4RMC MtCootha V|4RMC MtCootha U","4RMC AU","4RMC MtCootha U"
"40","4RNX WilkesKn","4RNX AU|4RNX ACT|4RNX NSW|4RNX Vic|4RNX Qld|4RNX SA|4RNX WA|4RNX Tas|4RNX NT|4RNX Local|4RNX State Link|4RNX AU Nets|4RNX AU Repeat 1|4RNX AU Repeat 2|4RNX User Act 1|4RNX User Act 2|4RNX World Eng|4RNX WilkesKn","4RNX AU","4RNX WilkesKn"
"41","4RSA Sarina","4RSA AU|4RSA BM ACT|4RSA BM NSW|4RSA BM Vic|4RSA BM Qld|4RSA BM SA|4RSA BM WA|4RSA BM Tas|4RSA BM NT|4RSA Local|4RSA BM Pac Rim|4RSA Sarina V|4RSA Sarina U|4RSA BM Eur Eng","4RSA AU","4RSA Sarina U"
"42","4RSL NoosaHds","4RSL AU|4RSL ACT|4RSL NSW|4RSL Vic|4RSL Qld|4RSL SA|4RSL WA|4RSL Tas|4RSL NT|4RSL Local|4RSL State Link|4RSL AU Nets|4RSL AU Repeat 1|4RSL AU Repeat 2|4RSL User Act 1|4RSL User Act 2|4RSL World Eng|4RSL NoosaHds V|4RSL NoosaHds U","4RSL AU","4RSL NoosaHds U"
"43","4RTQ MtKynoch","4RTQ AU|4RTQ ACT|4RTQ NSW|4RTQ Vic|4RTQ Qld|4RTQ SA|4RTQ WA|4RTQ Tas|4RTQ NT|4RTQ Local|4RTQ State Link|4RTQ AU Nets|4RTQ AU Repeat 1|4RTQ AU Repeat 2|4RTQ User Act 1|4RTQ User Act 2|4RTQ World Eng|4RTQ MtKynoch V|4RTQ MtKynoch U","4RTQ AU","4RTQ MtKynoch U"
"44","4RVR Knobby","4RVR AU|4RVR ACT|4RVR NSW|4RVR Vic|4RVR Qld|4RVR SA|4RVR WA|4RVR Tas|4RVR NT|4RVR Local|4RVR State Link|4RVR AU Nets|4RVR AU Repeat 1|4RVR AU Repeat 2|4RVR User Act 1|4RVR User Act 2|4RVR World Eng|4RVR Knobby","4RVR AU","4RVR Knobby"
"46","5RDM MurrayBrdge","5RDM AU|5RDM BM ACT|5RDM BM NSW|5RDM BM Vic|5RDM BM Qld|5RDM BM SA|5RDM BM WA|5RDM BM Tas|5RDM BM NT|5RDM Local|5RDM BM Pac Rim|5RDM BM World|5RDM BM Wrld Eng|5RDM BM Eur Eng","5RDM AU","5RDM BM SA"
"47","5RSF Adelaide","5RSF AU|5RSF ACT|5RSF NSW|5RSF Vic|5RSF Qld|5RSF SA|5RSF WA|5RSF Tas|5RSF NT|5RSF Local|5RSF State Link|5RSF AU Nets|5RSF AU Repeat 1|5RSF AU Repeat 2|5RSF User Act 1|5RSF User Act 2|5RSF World Eng","5RSF AU","5RSF SA"
"49","6RDM Perth","6RDM AU|6RDM BM ACT|6RDM BM NSW|6RDM BM Vic|6RDM BM Qld|6RDM BM SA|6RDM BM WA|6RDM BM Tas|6RDM BM NT|6RDM Local|6RDM BM Pac Rim|6RDM BM World|6RDM BM Wrld Eng|6RDM BM Eur Eng","6RDM AU","6RDM BM SA"
"50","6RLM PerSE2","6RLM AU|6RLM BM ACT|6RLM BM NSW|6RLM BM Vic|6RLM BM Qld|6RLM BM SA|6RLM BM WA|6RLM BM Tas|6RLM BM NT|6RLM Local|6RLM BM Pac Rim|6RLM PerSE2 V|6RLM BM Wrld Eng|6RLM BM Eur Eng","6RLM AU","6RLM PerSE2 V"
"52","7RAD QnsDmn","7RAD AU|7RAD ACT|7RAD NSW|7RAD Vic|7RAD Qld|7RAD SA|7RAD WA|7RAD Tas|7RAD NT|7RAD Local|7RAD State Link|7RAD AU Nets|7RAD AU Repeat 1|7RAD AU Repeat 2|7RAD User Act 1|7RAD User Act 2|7RAD World Eng|7RAD QnsDmn 1|7RAD QnsDmn 2","7RAD AU","7RAD QnsDmn 1"
"53","7RAK Gagebrk","7RAK AU|7RAK ACT|7RAK NSW|7RAK Vic|7RAK Qld|7RAK SA|7RAK WA|7RAK Tas|7RAK NT|7RAK Local|7RAK State Link|7RAK AU Nets|7RAK AU Repeat 1|7RAK AU Repeat 2|7RAK User Act 1|7RAK User Act 2|7RAK World Eng|7RAK Gagebrk V|7RAK Gagebrk U","7RAK AU","7RAK Gagebrk V"
"54","7RCR LenahV","7RCR AU|7RCR ACT|7RCR NSW|7RCR Vic|7RCR Qld|7RCR SA|7RCR WA|7RCR Tas|7RCR NT|7RCR Local|7RCR State Link|7RCR AU Nets|7RCR AU Repeat 1|7RCR AU Repeat 2|7RCR User Act 1|7RCR User Act 2|7RCR World Eng|7RCR LenahV","7RCR AU","7RCR LenahV"
"55","7RJG Mt Arthur","7RJG AU|7RJG ACT|7RJG NSW|7RJG Vic|7RJG Qld|7RJG SA|7RJG WA|7RJG Tas|7RJG NT|7RJG Local|7RJG State Link|7RJG AU Nets|7RJG AU Repeat 1|7RJG AU Repeat 2|7RJG User Act 1|7RJG User Act 2|7RJG World Eng","7RJG AU","7RJG Tas"
"57","8RDM Darwin","8RDM AU|8RDM ACT|8RDM NSW|8RDM Vic|8RDM Qld|8RDM SA|8RDM WA|8RDM Tas|8RDM NT|8RDM Local|8RDM State Link|8RDM AU Nets|8RDM AU Repeat 1|8RDM AU Repeat 2|8RDM User Act 1|8RDM User Act 2|8RDM World Eng","8RDM AU","8RDM NT"
"59","ACT","1RBH BullsH|1RGI Ginini V|1RBM Issacs|1RGI Ginini U","1RBH BullsH","1RGI Ginini V"
"60","ACT WICEN","1RWP WICEN U1|1RWP WICEN U2|1RWP WICEN V1|1RWP WICEN V2|1RWP WICEN V3","1RWP WICEN U1","1RWP WICEN U2"
"62","Sydney NSW","2RBM Lawsn1 U|2RBM Lawsn1 V|2RBV Sydney|2RCF Carlngfd|2RCG SydneyCty|2RCZ Lalor|2RDX Bindo|2RFG GHills|2RHC Hurstvl|2RHP HorsleyPk|2RHT Chats|2RLE HCote U|2RLE HCote V|2RMB THills U|2RMB THills V|2RMP Maddns U|2RMP Maddns V|2RNS Asqith|2RON NthRyde|2ROT Paddo U|2ROT Paddo V|2RRW NSyd WICEN|2RSV SansSouci|2RTS Lawsn2|2RWC Chats1|2RWI Dural U|2RWI Dural V|2RWK KurraJ U|2RWK KurraJ V|2RWS BerowraNth","2RBM Lawsn1 U","2RBM Lawsn1 V"
"63","Central NSW","2RAG Someb U|2RAG Someb V|2RAG Someb1 U|2RAG Someb1 V|2RAG Someb2|2RAG Someb3|2RHK Wyee|2RSR Scadns|2RTG Kariong","2RAG Someb U","2RAG Someb V"
"64","Hunter NSW","2REE MtGanght U|2REE MtGanght V|2RFI HntrWICEN U|2RFI HntrWICEN V|2RGL CbTree 1|2RGL CbTree 2|2RNC SgarL U|2RNC SgarL V|2RNC SgarL1 U|2RNC SgarL1 V|2ROJ GanGanH|2RTZ SugarL|2RUM Merewether|2RWH Nwcsle U|2RWH Nwcsle V|2RYL BaldM|2RZL Muswel","2REE MtGanght U","2REE MtGanght V"
"65","Northern NSW","2RAB Crawn U|2RAB Crawn V|2RAD SHill U|2RAD SHill V|2RAP AcacPl|2RBB Byron|2RCB FranLO|2RCH Bruxnr|2RCN TelePt U|2RCN TelePt V|2RCR MtLfty|2RCV Graft U|2RCV Graft V|2REH Woodbn|2RMI THiHi|2RMM McKen|2RMY YarahP U|2RMY YarahP V|2RNE Rumbee|2RNW Kaput|2RPL Nardi|2RPM MdlBro U|2RPM MdlBro V|2RPW GrundyMtn U|2RPW GrundyMtn V|2RSC Lismor U|2RSC Lismor V|2RTJ Wolloo|2RWR Moona","2RAB Crawn U","2RAB Crawn V"
"66","Southern NSW","2RAY Albury|2RBE Bethun|2RBT bbTrig|2RFS Mumbla|2RGA Galore|2RGF SqrNob|2RGN MtGray 1 U|2RGN MtGray 2 U|2RGN MtGray 3 U|2RGN MtGray V|2RHR HRange U|2RHR HRange V|2RLJ Prishr|2RMU NowraH U|2RMU NowraH V|2RMW Wandra|2RSE Robts|2RSH SHigh U|2RSH SHigh V|2RSM Digits|2RTD Kendal|2RUW Nites1|2RWB GwynH U|2RWB GwynH V|2RWG WOF|2RWP WolumP","2RAY Albury","2RBE Bethun"
"67","Western NSW","2RAO Cbolas U|2RAO Cbolas V|2RBH Darlng|2RBL Balran|2RCC NeedlMn|2RCD BurroH|2RCW Lindsy U|2RCW Lindsy V|2RDD BurrowyH|2RMO Baldwn|2RMS LtningRdge|2RRT Boona","2RAO Cbolas U","2RAO Cbolas V"
"68","WICEN NSW","2RAH WICEN|2RAV WICEN|2RAV WICEN V1|2RAV WICEN V2|2RAV WICEN V3|2REP WICEN|2RFI HntrWICEN U|2RFI HntrWICEN V|2RIW WICEN|2RRW NSyd WICEN|2RWS WICEN","2RAH WICEN","2RAV WICEN"
"70","Melbourne Vic","3RAD Mitcham|3RAJ Upwey U|3RAJ Upwey V|3RBW MtGisbrne|3RBY Bayswtr|3RCC MelbCty|3RCD Kinglake|3RCR Dande|3RDQ WantE|3RDX MtWavrly|3REC Olind1|3RFY Hillsd U|3RFY Hillsd V|3RGW Cborn|3RHF MtMcdn|3RHF Olinda|3RMC NarWar U|3RMC NarWar U2|3RMC NarWar V|3RML FernyC|3RMM Macdon|3RMN KLake U|3RMN KLake V|3RMS Olind2 U|3RMS Olind2 V|3RMU StLeo U|3RMU StLeo V|3RPU ArthrSeat|3RSA Emerald|3RSE GlenWvrly|3RSP MtMtha|3RSV NoblPark|3RVZ Brighton","3RAD Mitcham","3RAJ Upwey U"
"71","Northern Vic","3RAG Renies|3RBL BamblSth|3RBO SpecimnH|3RCP Ouyen|3RCU MtMoliagl|3RCU MtMoliagl 2|3RCV Alex|3RDU Major U|3RDU Major U2|3RDU Major V|3RGH GreenH|3RGV Wombat|3RLE Paps|3RMA Mildra|3RMG MtBrghton|3RMK Kerang|3RNE BigBen U|3RNE BigBen V|3RNU MtStnley|3RON Ouyen|3RPB Bright|3RRU Merbein|3RSH SwHill|3RSS Portable|3RTA Beulah|3RUG DevlsRvr|3RVL RobinV|3RWE Portable|3RWO BaldH U|3RWO BaldH V","3RAG Renies","3RBL BamblSth"
"72","Eastern Vic","3RDG Delegt|3RDH DelHil|3REB MntNow|3REG MntCan|3RGS MtFatigue|3RHO Hotham|3RLV Tassie U|3RLV Tassie V|3RSB MtStLeo|3RSG BassH|3RWD Seaview|3RWG BawSq U|3RWG BawSq V|3RYV Briart U|3RYV Briart V","3RDG Delegt","3RDH DelHil"
"73","Western Vic","3RBA Bunyng U|3RBA Bunyng V|3RBH Geelong|3RBP Horsham|3RBQ Dimbol|3RBT GreenH|3RBU MtHollowbk|3RGC MoPell U|3RGC MoPell V|3RLP Ceres|3RPL Portld U|3RPL Portld V|3RWA BenNev|3RWL Warnum U|3RWL Warnum V|3RWM Arapls|3RWU MtWilliam|3RWZ Wiliam","3RBA Bunyng U","3RBA Bunyng V"
"74","WICEN Vic","3RPW WICEN|3RPW WICEN 1|3RPW WICEN 2|3RSR WICEN|3RSS Portable|3RWE Portable|3RWE WICEN|3RWE WICEN 1|3RWE WICEN 2|3RWI WICEN|3RWI WICEN 1|3RWI WICEN 2|3RWP Portable|3RWP Portable 3|3RWP WICEN|3RWP WICEN 1|3RWP WICEN 2|3RWR WICEN U1|3RWR WICEN U2|3RWR WICEN V1|3RWR WICEN V2","3RPW WICEN","3RPW WICEN 1"
"76","South East Qld","4RAG BlkMtn U|4RAG BlkMtn V|4RAI Knobby U|4RAI Knobby V|4RAX MtCotton|4RBA Rchdale U|4RBA Rchdale V|4RBN MtGlor|4RBR MtGravtt U|4RBR MtGravtt V|4RBS AlxndraH U|4RBS AlxndraH V|4RBT Wongawlln U|4RBT Wongawlln V|4RBX Knobby|4RCC OcnView|4RCR Braeside|4RGC Sprngbk|4RGX Sprngbk|4RGY Gympie|4RKC OcnView 1|4RKC OcnView 2|4RKP MtCrosby|4RLB Woodrdge U|4RLB Woodrdge V|4RLU MtDunsnane|4RLW OBrnsMtn U|4RLW OBrnsMtn V|4RMC MtCootha U|4RMC MtCootha V|4RNX WilkesKn|4RRC Wamuran U|4RRC Wamuran V|4RSC WlksKnb U|4RSC WlksKnb V|4RSL NoosaHds U|4RSL NoosaHds V|4RSM SpringMtn|4RSS OcnView|4RVR Knobby|4RWM NthIpswch 1|4RWM NthIpswch 2|4RZA Sprngbk|4RZB MtCootha|4RZC WilkesKnb","4RAG BlkMtn U","4RAG BlkMtn V"
"77","DarlingDns Qld","4RDD ORrkes U|4RDD ORrkes V|4RED Dalby|4REG MtMowblln|4REG MtMowbln U|4REG MtMowbln V|4RET MtKiangrw U|4RET MtKiangrw V|4RTQ MtKynoch U|4RTQ MtKynoch V|4RZD MtPrsvrnce","4RDD ORrkes U","4RDD ORrkes V"
"78","WideBay Qld","4RBG Hummock|4RBU MtGoon U|4RBU MtGoon V|4RBW BundaN|4RCM GymSth|4RGN GymNth|4RHB Booral|4RNL HerveyB","4RBG Hummock","4RBU MtGoon U"
"79","Central Qld","4RAR MtArchr U|4RAR MtArchr V|4RBD BlkdwnTbl|4RCQ BananaRge U|4RCQ BananaRge V|4RGA Kroombit 1|4RGA Kroombit 2|4RGL LdyLarcm|4RGT MauriceH U|4RGT MauriceH V|4RMA MtAlma|4ROM GraftnRge|4RSP Roddas","4RAR MtArchr U","4RAR MtArchr V"
"80","Mackay Qld","4RAS CrbrghRng|4RBM BlueMtn|4RHR HdgsnRge U|4RHR HdgsnRge V|4RMK MtBlkwd|4RMP MidgePt|4RRR MtSeavw|4RSA Sarina U|4RSA Sarina V|4RWS Nebo","4RAS CrbrghRng","4RBM BlueMtn"
"81","North Qld","4RAT MtStuart U|4RAT MtStuart V","4RAT MtStuart U","4RAT MtStuart V"
"82","Western Qld","4RMI 4MileH","4RMI 4MileH","4RMI 4MileH"
"83","Far North Qld","4RBK Tolga|4RCA Cairns U|4RCA Cairns V|4RHT Hann|4RPH MtHaren|4RSD Malanda U|4RSD Malanda V","4RBK Tolga","4RCA Cairns U"
"84","WICEN Qld","4RWI WICEN","4RWI WICEN","4RWI WICEN"
"86","Adelaide SA","5RAD Crafers U|5RAD Crafers V|5RAH Lobethl|5RHO AnsteyH U|5RHO AnsteyH V|5RLZ Elizabeth U|5RLZ Elizabeth V|5RSA AdlCty|5RSB Sumtwn|5RSC MtTerrible|5RSV WillungaH","5RAD Crafers U","5RAD Crafers V"
"87","Barossa SA","5RBV MtKtchnr U|5RBV MtKtchnr V","5RBV MtKtchnr U","5RBV MtKtchnr V"
"88","Eyre Pens SA","5RAC PllawrtaH U|5RAC PllawrtaH V|5REP Coolnie|5ROC LowerLt","5RAC PllawrtaH U","5RAC PllawrtaH V"
"89","Fleurieu Pns SA","5RVH VictrH","5RVH VictrH","5RVH VictrH"
"90","Flinders Rge SA","5RAE MtArdn|5RMN Bluff U|5RMN Bluff V","5RAE MtArdn","5RMN Bluff U"
"91","Limestone Cst SA","5RBT Wlalooka|5RKN Kingst|5RMG MtgVHF|5RNC Ncte|5ROH MtgUHF|5RSE MtGrah","5RBT Wlalooka","5RKN Kingst"
"92","Murray Darl SA","5RBK MtBarkr|5RLD Moorook|5RMB MtBeevr","5RBK MtBarkr","5RLD Moorook"
"93","Yorke Pns SA","5RCT Moonta|5RLH BumbngaH","5RCT Moonta","5RLH BumbngaH"
"94","WICEN SA","5RWI WICEN","5RWI WICEN","5RWI WICEN"
"96","Perth WA","6RAP PerSE1|6RAP PerSE1 U|6REC Avon C|6RFM Freo|6RLM PerSE2 V|6RNA Wnneroo|6RNC PerNth|6ROT Rotto|6RTH PerNE U|6RTH PerNE V","6RAP PerSE1","6RAP PerSE1 U"
"97","Mid West WA","6RGN Grldtn|6RNR NthHmp|6ROO Geldtn","6RGN Grldtn","6RNR NthHmp"
"98","North West WA","6REX Exmoth|6RWR WickHm","6REX Exmoth","6RWR WickHm"
"99","Outback WA","6RAK Kal|6RAW Katnng","6RAK Kal","6RAW Katnng"
"100","South West WA","6RBN Busltn U|6RBN Busltn V|6RBY Bunbry U|6RBY Bunbry V|6RMJ Manji|6RMS MtSdbk|6RMW MtWilm","6RBN Busltn U","6RBN Busltn V"
"101","South WA","6RAA MtBark|6RAL Albany","6RAA MtBark","6RAL Albany"
"102","Wheatbelt WA","6RAV Hoddy|6RCT Cataby|6RKN Keller","6RAV Hoddy","6RCT Cataby"
"103","WICEN WA","6RAR WICEN|6RIC WICEN|6RPT Portable|6RPT WICEN|6RSH WICEN","6RAR WICEN","6RIC WICEN"
"105","Hobart Tas","7RAD QnsDmn 1|7RAD QnsDmn 2|7RAF MtFaulknr U|7RAF MtFaulknr V|7RAK Gagebrk U|7RAK Gagebrk V|7RCR LenahV|7RDS MtNelson|7RHT Snug|7RTC GreyMtn|7RTC MtLloyd|7RTC MtWellngtn","7RAD QnsDmn 1","7RAD QnsDmn 2"
"106","North Tas","7RAA MtArthr|7RBH BenLomond|7RDR DazzlerRge|7REC SnowH|7RIN Barren","7RAA MtArthr","7RBH BenLomond"
"107","North West Tas","7RAC TblCape U|7RAC TblCape V|7RAL CmpnionH|7RMD MtDuncan|7RNW UlvrstnWst|7RTV Stowpt|7RVP StValntnsPk|7RWC MtRead","7RAC TblCape U","7RAC TblCape V"
"108","WICEN Tas","7RAB Portable","7RAB Portable","7RAB Portable"
"110","NT","8RCA ASpr2|8RDA Darwn|8RIT ASpr70|8RPD Moil|8RTE Lrakyah","8RCA ASpr2","8RDA Darwn"
"112","UHF CB","UHF CB 1 Rpt|UHF CB 2 Rpt|UHF CB 3 Rpt|UHF CB 4 Rpt|UHF CB 5 Emg Rpt|UHF CB 6 Rpt|UHF CB 7 Rpt|UHF CB 8 Rpt|UHF CB 9|UHF CB 10 4WD|UHF CB 11 Call|UHF CB 12|UHF CB 13|UHF CB 14|UHF CB 15|UHF CB 16|UHF CB 17|UHF CB 18 Caravn|UHF CB 19|UHF CB 20|UHF CB 21|UHF CB 22 Telem|UHF CB 23 Telem|UHF CB 24|UHF CB 25|UHF CB 26|UHF CB 27|UHF CB 28|UHF CB 29|UHF CB 30|UHF CB 31 RptOut|UHF CB 32 RptOut|UHF CB 33 RptOut|UHF CB 34 RptOut|UHF CB 35 EmgOut|UHF CB 36 RptOut|UHF CB 37 RptOut|UHF CB 38 RptOut|UHF CB 39|UHF CB 40 Trucks|UHF CB 41 Rpt|UHF CB 42 Rpt|UHF CB 43 Rpt|UHF CB 44 Rpt|UHF CB 45 Rpt|UHF CB 46 Rpt|UHF CB 47 Rpt|UHF CB 48 Rpt|UHF CB 49|UHF CB 50|UHF CB 51|UHF CB 52|UHF CB 53|UHF CB 54|UHF CB 55|UHF CB 56|UHF CB 57|UHF CB 58|UHF CB 59|UHF CB 60|UHF CB 64|UHF CB 65|UHF CB 66|UHF CB 67|UHF CB 68|UHF CB 69|UHF CB 70|UHF CB 71 RptOut|UHF CB 72 RptOut|UHF CB 73 RptOut|UHF CB 74 RptOut|UHF CB 75 RptOut|UHF CB 76 RptOut|UHF CB 77 RptOut|UHF CB 78 RptOut|UHF CB 79|UHF CB 80","UHF CB 40 Trucks","UHF CB 5 Emg Rpt"
"114","APRS","APRS AU","APRS AU","APRS AU"
